ID;orderNumber;orderDate;status_code;vehicle_ID;customer_ID;mechanic_ID;complaint;mileageAtIntake;startedAt;completedAt;invoicedAt;cancelledAt;cancellationReason;partsTotal;laborTotal;totalAmount;createdAt;createdBy;modifiedAt;modifiedBy
e8ff28e8-933a-5480-9cdd-251712c4d84f;SO-2026-000001;2026-06-10;INVOICED;b1794154-092e-5598-b83a-c7f884fc4283;8c300bf8-ac48-5dd9-bd6c-49a34f8565d6;e93c138b-2ecb-5401-87d3-7c8859b067a0;Scheduled service: oil and filters;78500;2026-06-10T09:15:00Z;2026-06-10T13:40:00Z;2026-06-11T10:05:00Z;;;61.50;60.00;121.50;2026-06-10T08:00:00Z;manager;2026-06-11T10:05:00Z;accountant
40c4131c-5cdf-54bf-8e69-d8e683833ee1;SO-2026-000002;2026-07-02;INVOICED;bf5f3376-da56-5b41-a3a7-ee625686fab5;504266c8-de67-50a2-9b1b-ef0c02794525;da25676a-c4cd-58c0-bfcd-155e233b1817;Squeaking noise when braking;112300;2026-07-02T08:30:00Z;2026-07-03T16:20:00Z;2026-07-04T09:00:00Z;;;207.00;70.00;277.00;2026-07-02T08:00:00Z;manager;2026-07-04T09:00:00Z;accountant
70a8f040-34cd-5702-9be9-cbe0db6ce9b3;SO-2026-000003;2026-07-20;CANCELLED;e8cb128f-134a-5a92-bc85-e2d77e206876;c11d14c9-fc92-5796-90f7-48fd8feea188;;Check engine light is on;64000;;;;2026-07-21T11:00:00Z;Customer decided to repair the car elsewhere;0.00;0.00;0.00;2026-07-20T08:00:00Z;manager;2026-07-21T11:00:00Z;manager
01294869-2c75-559d-a114-e8e6a4e5c7a4;SO-2026-000004;2026-08-25;COMPLETED;3f3d0f76-2eb9-5b5d-88ef-cbc260e92c61;abe75e03-4f6e-571d-84ae-cfed3e892039;619d0c11-b3d5-5003-8510-793d03793e79;Car does not start in the morning;151800;2026-08-25T10:00:00Z;2026-08-25T12:30:00Z;;;;110.00;45.00;155.00;2026-08-25T08:00:00Z;manager;2026-08-25T12:30:00Z;mechanic
9d7e5edf-9c31-5314-a7a1-b733fa8c8b61;SO-2026-000005;2026-09-12;COMPLETED;b7f03a09-45d7-5aaa-8f6d-5ef99de3c11f;6c90e65a-c6c2-5423-a54b-74c430d2f257;1c9d2187-45a1-540c-80cd-05499555f31a;Scheduled 30,000 km service;30150;2026-09-12T09:00:00Z;2026-09-12T15:45:00Z;;;;103.50;75.00;178.50;2026-09-12T08:00:00Z;manager;2026-09-12T15:45:00Z;mechanic
5ff4566d-7d04-5f25-adf8-2ea2a7c909e8;SO-2026-000006;2026-09-29;IN_PROGRESS;7e3ff05c-63e7-5c6b-870c-69a1838db52c;abe75e03-4f6e-571d-84ae-cfed3e892039;e93c138b-2ecb-5401-87d3-7c8859b067a0;Timing belt replacement is due;182400;2026-09-29T09:30:00Z;;;;;160.00;140.00;300.00;2026-09-29T08:00:00Z;manager;2026-09-29T09:30:00Z;mechanic
105fc93b-b5fb-5a05-8fd9-b2fba4b83b8b;SO-2026-000007;2026-10-01;IN_PROGRESS;6aeb9034-d79a-5f30-9a6d-0c4af2f1e8f1;6c90e65a-c6c2-5423-a54b-74c430d2f257;da25676a-c4cd-58c0-bfcd-155e233b1817;Vibration at high speed, check suspension;41200;2026-10-01T14:00:00Z;;;;;0.00;35.00;35.00;2026-10-01T08:00:00Z;manager;2026-10-01T14:00:00Z;mechanic
1e666a20-8e08-5888-a48c-19139bb41a19;SO-2026-000008;2026-10-02;OPEN;b1794154-092e-5598-b83a-c7f884fc4283;8c300bf8-ac48-5dd9-bd6c-49a34f8565d6;619d0c11-b3d5-5003-8510-793d03793e79;Headlight flickering, battery warning on the dashboard;84200;;;;;;0.00;22.50;22.50;2026-10-02T08:00:00Z;manager;2026-10-02T08:00:00Z;manager
3444797d-a178-50c7-a3c6-840947515e7b;SO-2026-000009;2026-10-03;OPEN;169bb6c4-4956-518b-a6f3-b8e2454b3252;8c300bf8-ac48-5dd9-bd6c-49a34f8565d6;;Scheduled service;25300;;;;;;0.00;0.00;0.00;2026-10-03T08:00:00Z;manager;2026-10-03T08:00:00Z;manager
