ID;order_ID;itemType_code;part_ID;description;quantity;unitPrice;lineTotal
e479c6da-49fd-5357-be78-c97f2f051782;e8ff28e8-933a-5480-9cdd-251712c4d84f;PART;f5f0e3e7-7570-5be7-8862-8b6670135c0c;Engine Oil 5W-30 (4 L);1.00;38.00;38.00
998b778e-edd6-5083-bf63-90ce165ac640;e8ff28e8-933a-5480-9cdd-251712c4d84f;PART;981ab0cc-4e88-5a2c-b9d7-99f7ee7428b8;Oil Filter;1.00;9.50;9.50
5b28d7fa-ec08-51e4-b3dd-534a9e3bb51e;e8ff28e8-933a-5480-9cdd-251712c4d84f;PART;33f0bf6d-02df-5afe-9a51-9a8962cf4321;Air Filter;1.00;14.00;14.00
d4a4cd10-d73d-53fa-8198-58a727e17e1b;e8ff28e8-933a-5480-9cdd-251712c4d84f;LABOR;;Oil and filter service;1.50;40.00;60.00
76f4c63a-626a-5317-90d6-58e773151a76;40c4131c-5cdf-54bf-8e69-d8e683833ee1;PART;599e1690-2396-5db0-9868-6accd9ca84c7;Front Brake Pads;1.00;55.00;55.00
95fd63b7-d184-560d-a732-1c3f8e96f891;40c4131c-5cdf-54bf-8e69-d8e683833ee1;PART;24fe4240-06f8-594e-b72d-b50ff945eac1;Front Brake Disc;2.00;72.00;144.00
e175441d-4fc0-5b7d-ad16-0f3fdc25ae7d;40c4131c-5cdf-54bf-8e69-d8e683833ee1;PART;3b44329a-dae9-570a-8508-4ad7b20d3f37;Brake Fluid DOT 4 (1 L);1.00;8.00;8.00
98465289-91e5-5dab-b54b-853bf3898956;40c4131c-5cdf-54bf-8e69-d8e683833ee1;LABOR;;Replace front pads and discs;2.00;35.00;70.00
e4e4ef39-0876-5ace-ad45-b364ccb8dff6;01294869-2c75-559d-a114-e8e6a4e5c7a4;PART;c8f2a0da-fbc4-5ba1-96fb-0d450abf1352;Battery 60 Ah;1.00;110.00;110.00
137623c5-edd8-5643-9a1e-ce8ed9fa019a;01294869-2c75-559d-a114-e8e6a4e5c7a4;LABOR;;Battery test and replacement;1.00;45.00;45.00
67780651-3e16-58ef-9227-b9636443a2ef;9d7e5edf-9c31-5314-a7a1-b733fa8c8b61;PART;f5f0e3e7-7570-5be7-8862-8b6670135c0c;Engine Oil 5W-30 (4 L);1.00;38.00;38.00
1ec9b3d3-d815-5aa5-b5e8-304643922230;9d7e5edf-9c31-5314-a7a1-b733fa8c8b61;PART;981ab0cc-4e88-5a2c-b9d7-99f7ee7428b8;Oil Filter;1.00;9.50;9.50
1c7a52b4-94e0-521e-84b2-b375ad4d3422;9d7e5edf-9c31-5314-a7a1-b733fa8c8b61;PART;6d11fb59-8143-5c17-bf63-ba46838771e3;Cabin Filter;1.00;12.00;12.00
b3ca71d7-b843-5384-9905-0ed94176fe6f;9d7e5edf-9c31-5314-a7a1-b733fa8c8b61;PART;583a84b1-fcc8-5a08-943e-bc6812158586;Spark Plug Iridium;4.00;11.00;44.00
e0c03c63-b086-588f-be23-d70ec1008deb;9d7e5edf-9c31-5314-a7a1-b733fa8c8b61;LABOR;;30,000 km service;2.50;30.00;75.00
42ed8604-a855-5157-9030-b292b77a29ce;5ff4566d-7d04-5f25-adf8-2ea2a7c909e8;PART;13a50aba-800a-5893-b291-362444b1d1c6;Timing Belt Kit;1.00;145.00;145.00
d55db05c-5148-5d00-bdf6-4ee676c6d5c9;5ff4566d-7d04-5f25-adf8-2ea2a7c909e8;PART;7abcb9e5-1d8f-5f8f-ba51-a1dc64e155ed;Coolant G12 (1 L);2.00;7.50;15.00
2e357ee7-4bda-5fb5-b214-1668297f9ade;5ff4566d-7d04-5f25-adf8-2ea2a7c909e8;LABOR;;Replace timing belt and water pump;3.50;40.00;140.00
98a8db73-22e4-584e-b8ce-f20bf17d8c72;105fc93b-b5fb-5a05-8fd9-b2fba4b83b8b;LABOR;;Suspension diagnostics;1.00;35.00;35.00
55efa9d9-9b75-563d-b942-89bf7e4931fc;1e666a20-8e08-5888-a48c-19139bb41a19;LABOR;;Electrical diagnostics;0.50;45.00;22.50
